Имя,Последняя активность,Город,Права доступа,ID,Паспорт,ИНН
Алексей,2023-12-28,Москва,Администратор,101,4001 123456,1234567890
Ирина,2023-12-29,Санкт-Петербург,Пользователь,102,4002 234567,2345678901
Дмитрий,2023-12-30,Екатеринбург,Модератор,103,4003 345678,3456789012
Ольга,2023-12-31,Новосибирск,Пользователь,104,4004 456789,4567890123
Сергей,2024-01-01,Казань,Пользователь,105,4005 567890,5678901234
Елена,2024-01-02,Уфа,Модератор,106,4006 678901,6789012345
Андрей,2024-01-03,Воронеж,Пользователь,107,4007 789012,7890123456
Мария,2024-01-04,Самара,Пользователь,108,4008 890123,8901234567
Наталья,2023-12-27,Омск,Администратор,109,4009 901234,9012345678
Владимир,2023-12-26,Томск,Модератор,110,4010 012345,0123456789
Виктория,2023-12-21,Ростов-на-Дону,Пользователь,111,4015 567894,5678943210
Александра,2023-12-20,Калининград,Гость,112,4016 678905,6789054321
Денис,2023-12-19,Ярославль,Администратор,113,4017 789016,7890165432
Юлия,2023-12-18,Курск,Модератор,114,4018 890127,8901276543
Роман,2023-12-17,Тула,Пользователь,115,4019 901238,9012387654
Анастасия,2023-12-16,Волгоград,Модератор,116,4020 012349,0123498765
Егор,2023-12-15,Пермь,Администратор,117,4021 123450,1234509876
Людмила,2023-12-14,Саратов,Модератор,118,4022 234561,2345610987
Валерий,2023-12-13,Ульяновск,Пользователь,119,4023 345672,3456721098
Олег,2023-12-12,Киров,Пользователь,120,4024 456783,4567832109
Алексей,2023-12-28,Москва,Администратор,101,4001 123456,1234567890
Ирина,2023-12-29,Санкт-Петербург,Пользователь,102,4002 234567,2345678901
Дмитрий,2023-12-30,Екатеринбург,Модератор,103,4003 345678,3456789012
Ольга,2023-12-31,Новосибирск,Пользователь,104,4004 456789,4567890123
Сергей,2024-01-01,Казань,Пользователь,105,4005 567890,5678901234
Елена,2024-01-02,Уфа,Модератор,106,4006 678901,6789012345
Андрей,2024-01-03,Воронеж,Пользователь,107,4007 789012,7890123456
Мария,2024-01-04,Самара,Пользователь,108,4008 890123,8901234567
Наталья,2023-12-27,Омск,Администратор,109,4009 901234,9012345678
Владимир,2023-12-26,Томск,Модератор,110,4010 012345,0123456789
Виктория,2023-12-21,Ростов-на-Дону,Пользователь,111,4015 567894,5678943210
Александра,2023-12-20,Калининград,Гость,112,4016 678905,6789054321
Денис,2023-12-19,Ярославль,Администратор,113,4017 789016,7890165432
Юлия,2023-12-18,Курск,Модератор,114,4018 890127,8901276543
Роман,2023-12-17,Тула,Пользователь,115,4019 901238,9012387654
Анастасия,2023-12-16,Волгоград,Модератор,116,4020 012349,0123498765
Егор,2023-12-15,Пермь,Администратор,117,4021 123450,1234509876
Людмила,2023-12-14,Саратов,Модератор,118,4022 234561,2345610987
Валерий,2023-12-13,Ульяновск,Пользователь,119,4023 345672,3456721098
Олег,2023-12-12,Киров,Пользователь,120,4024 456783,4567832109
Алексей,2023-12-28,Москва,Администратор,101,4001 123456,1234567890
Ирина,2023-12-29,Санкт-Петербург,Пользователь,102,4002 234567,2345678901
Дмитрий,2023-12-30,Екатеринбург,Модератор,103,4003 345678,3456789012
Ольга,2023-12-31,Новосибирск,Пользователь,104,4004 456789,4567890123
Сергей,2024-01-01,Казань,Пользователь,105,4005 567890,5678901234
Елена,2024-01-02,Уфа,Модератор,106,4006 678901,6789012345
Андрей,2024-01-03,Воронеж,Пользователь,107,4007 789012,7890123456
Мария,2024-01-04,Самара,Пользователь,108,4008 890123,8901234567
Наталья,2023-12-27,Омск,Администратор,109,4009 901234,9012345678
Владимир,2023-12-26,Томск,Модератор,110,4010 012345,0123456789
Виктория,2023-12-21,Ростов-на-Дону,Пользователь,111,4015 567894,5678943210
Александра,2023-12-20,Калининград,Гость,112,4016 678905,6789054321
Денис,2023-12-19,Ярославль,Администратор,113,4017 789016,7890165432
Юлия,2023-12-18,Курск,Модератор,114,4018 890127,8901276543
Роман,2023-12-17,Тула,Пользователь,115,4019 901238,9012387654
Анастасия,2023-12-16,Волгоград,Модератор,116,4020 012349,0123498765
Егор,2023-12-15,Пермь,Администратор,117,4021 123450,1234509876
Людмила,2023-12-14,Саратов,Модератор,118,4022 234561,2345610987
Валерий,2023-12-13,Ульяновск,Пользователь,119,4023 345672,3456721098
Олег,2023-12-12,Киров,Пользователь,120,4024 456783,4567832109
Алексей,2023-12-28,Москва,Администратор,101,4001 123456,1234567890
Ирина,2023-12-29,Санкт-Петербург,Пользователь,102,4002 234567,2345678901
Дмитрий,2023-12-30,Екатеринбург,Модератор,103,4003 345678,3456789012
Ольга,2023-12-31,Новосибирск,Пользователь,104,4004 456789,4567890123
Сергей,2024-01-01,Казань,Пользователь,105,4005 567890,5678901234
Елена,2024-01-02,Уфа,Модератор,106,4006 678901,6789012345
Андрей,2024-01-03,Воронеж,Пользователь,107,4007 789012,7890123456
Мария,2024-01-04,Самара,Пользователь,108,4008 890123,8901234567
Наталья,2023-12-27,Омск,Администратор,109,4009 901234,9012345678
Владимир,2023-12-26,Томск,Модератор,110,4010 012345,0123456789
Виктория,2023-12-21,Ростов-на-Дону,Пользователь,111,4015 567894,5678943210
Александра,2023-12-20,Калининград,Гость,112,4016 678905,6789054321
Денис,2023-12-19,Ярославль,Администратор,113,4017 789016,7890165432
Юлия,2023-12-18,Курск,Модератор,114,4018 890127,8901276543
Роман,2023-12-17,Тула,Пользователь,115,4019 901238,9012387654
Анастасия,2023-12-16,Волгоград,Модератор,116,4020 012349,0123498765
Егор,2023-12-15,Пермь,Администратор,117,4021 123450,1234509876
Людмила,2023-12-14,Саратов,Модератор,118,4022 234561,2345610987
Валерий,2023-12-13,Ульяновск,Пользователь,119,4023 345672,3456721098
Олег,2023-12-12,Киров,Пользователь,120,4024 456783,4567832109
Алексей,2023-12-28,Москва,Администратор,101,4001 123456,1234567890
Ирина,2023-12-29,Санкт-Петербург,Пользователь,102,4002 234567,2345678901
Дмитрий,2023-12-30,Екатеринбург,Модератор,103,4003 345678,3456789012
Ольга,2023-12-31,Новосибирск,Пользователь,104,4004 456789,4567890123
Сергей,2024-01-01,Казань,Пользователь,105,4005 567890,5678901234
Елена,2024-01-02,Уфа,Модератор,106,4006 678901,6789012345
Андрей,2024-01-03,Воронеж,Пользователь,107,4007 789012,7890123456
Мария,2024-01-04,Самара,Пользователь,108,4008 890123,8901234567
Наталья,2023-12-27,Омск,Администратор,109,4009 901234,9012345678
Владимир,2023-12-26,Томск,Модератор,110,4010 012345,0123456789
Виктория,2023-12-21,Ростов-на-Дону,Пользователь,111,4015 567894,5678943210
Александра,2023-12-20,Калининград,Гость,112,4016 678905,6789054321
Денис,2023-12-19,Ярославль,Администратор,113,4017 789016,7890165432
Юлия,2023-12-18,Курск,Модератор,114,4018 890127,8901276543
Роман,2023-12-17,Тула,Пользователь,115,4019 901238,9012387654
Анастасия,2023-12-16,Волгоград,Модератор,116,4020 012349,0123498765
Егор,2023-12-15,Пермь,Администратор,117,4021 123450,1234509876
Людмила,2023-12-14,Саратов,Модератор,118,4022 234561,2345610987
Валерий,2023-12-13,Ульяновск,Пользователь,119,4023 345672,3456721098
Олег,2023-12-12,Киров,Пользователь,120,4024 456783,4567832109
Алексей,2023-12-28,Москва,Администратор,101,4001 123456,1234567890
Ирина,2023-12-29,Санкт-Петербург,Пользователь,102,4002 234567,2345678901
Дмитрий,2023-12-30,Екатеринбург,Модератор,103,4003 345678,3456789012
Ольга,2023-12-31,Новосибирск,Пользователь,104,4004 456789,4567890123
Сергей,2024-01-01,Казань,Пользователь,105,4005 567890,5678901234
Елена,2024-01-02,Уфа,Модератор,106,4006 678901,6789012345
Андрей,2024-01-03,Воронеж,Пользователь,107,4007 789012,7890123456
Мария,2024-01-04,Самара,Пользователь,108,4008 890123,8901234567
Наталья,2023-12-27,Омск,Администратор,109,4009 901234,9012345678
Владимир,2023-12-26,Томск,Модератор,110,4010 012345,0123456789
Виктория,2023-12-21,Ростов-на-Дону,Пользователь,111,4015 567894,5678943210
Александра,2023-12-20,Калининград,Гость,112,4016 678905,6789054321
Денис,2023-12-19,Ярославль,Администратор,113,4017 789016,7890165432
Юлия,2023-12-18,Курск,Модератор,114,4018 890127,8901276543
Роман,2023-12-17,Тула,Пользователь,115,4019 901238,9012387654
Анастасия,2023-12-16,Волгоград,Модератор,116,4020 012349,0123498765
Егор,2023-12-15,Пермь,Администратор,117,4021 123450,1234509876
Людмила,2023-12-14,Саратов,Модератор,118,4022 234561,2345610987
Валерий,2023-12-13,Ульяновск,Пользователь,119,4023 345672,3456721098
Олег,2023-12-12,Киров,Пользователь,120,4024 456783,4567832109
Алексей,2023-12-28,Москва,Администратор,101,4001 123456,1234567890
Ирина,2023-12-29,Санкт-Петербург,Пользователь,102,4002 234567,2345678901
Дмитрий,2023-12-30,Екатеринбург,Модератор,103,4003 345678,3456789012
Ольга,2023-12-31,Новосибирск,Пользователь,104,4004 456789,4567890123
Сергей,2024-01-01,Казань,Пользователь,105,4005 567890,5678901234
Елена,2024-01-02,Уфа,Модератор,106,4006 678901,6789012345
Андрей,2024-01-03,Воронеж,Пользователь,107,4007 789012,7890123456
Мария,2024-01-04,Самара,Пользователь,108,4008 890123,8901234567
Наталья,2023-12-27,Омск,Администратор,109,4009 901234,9012345678
Владимир,2023-12-26,Томск,Модератор,110,4010 012345,0123456789
Виктория,2023-12-21,Ростов-на-Дону,Пользователь,111,4015 567894,5678943210
Александра,2023-12-20,Калининград,Гость,112,4016 678905,6789054321
Денис,2023-12-19,Ярославль,Администратор,113,4017 789016,7890165432
Юлия,2023-12-18,Курск,Модератор,114,4018 890127,8901276543
Роман,2023-12-17,Тула,Пользователь,115,4019 901238,9012387654
Анастасия,2023-12-16,Волгоград,Модератор,116,4020 012349,0123498765
Егор,2023-12-15,Пермь,Администратор,117,4021 123450,1234509876
Людмила,2023-12-14,Саратов,Модератор,118,4022 234561,2345610987
Валерий,2023-12-13,Ульяновск,Пользователь,119,4023 345672,3456721098
Олег,2023-12-12,Киров,Пользователь,120,4024 456783,4567832109
Алексей,2023-12-28,Москва,Администратор,101,4001 123456,1234567890
Ирина,2023-12-29,Санкт-Петербург,Пользователь,102,4002 234567,2345678901
Дмитрий,2023-12-30,Екатеринбург,Модератор,103,4003 345678,3456789012
Ольга,2023-12-31,Новосибирск,Пользователь,104,4004 456789,4567890123
Сергей,2024-01-01,Казань,Пользователь,105,4005 567890,5678901234
Елена,2024-01-02,Уфа,Модератор,106,4006 678901,6789012345
Андрей,2024-01-03,Воронеж,Пользователь,107,4007 789012,7890123456
Мария,2024-01-04,Самара,Пользователь,108,4008 890123,8901234567
Наталья,2023-12-27,Омск,Администратор,109,4009 901234,9012345678
Владимир,2023-12-26,Томск,Модератор,110,4010 012345,0123456789
Виктория,2023-12-21,Ростов-на-Дону,Пользователь,111,4015 567894,5678943210
Александра,2023-12-20,Калининград,Гость,112,4016 678905,6789054321
Денис,2023-12-19,Ярославль,Администратор,113,4017 789016,7890165432
Юлия,2023-12-18,Курск,Модератор,114,4018 890127,8901276543
Роман,2023-12-17,Тула,Пользователь,115,4019 901238,9012387654
Анастасия,2023-12-16,Волгоград,Модератор,116,4020 012349,0123498765
Егор,2023-12-15,Пермь,Администратор,117,4021 123450,1234509876
Людмила,2023-12-14,Саратов,Модератор,118,4022 234561,2345610987
Валерий,2023-12-13,Ульяновск,Пользователь,119,4023 345672,3456721098
Олег,2023-12-12,Киров,Пользователь,120,4024 456783,4567832109
Алексей,2023-12-28,Москва,Администратор,101,4001 123456,1234567890
Ирина,2023-12-29,Санкт-Петербург,Пользователь,102,4002 234567,2345678901
Дмитрий,2023-12-30,Екатеринбург,Модератор,103,4003 345678,3456789012
Ольга,2023-12-31,Новосибирск,Пользователь,104,4004 456789,4567890123
Сергей,2024-01-01,Казань,Пользователь,105,4005 567890,5678901234
Елена,2024-01-02,Уфа,Модератор,106,4006 678901,6789012345
Андрей,2024-01-03,Воронеж,Пользователь,107,4007 789012,7890123456
Мария,2024-01-04,Самара,Пользователь,108,4008 890123,8901234567
Наталья,2023-12-27,Омск,Администратор,109,4009 901234,9012345678
Владимир,2023-12-26,Томск,Модератор,110,4010 012345,0123456789
Виктория,2023-12-21,Ростов-на-Дону,Пользователь,111,4015 567894,5678943210
Александра,2023-12-20,Калининград,Гость,112,4016 678905,6789054321
Денис,2023-12-19,Ярославль,Администратор,113,4017 789016,7890165432
Юлия,2023-12-18,Курск,Модератор,114,4018 890127,8901276543
Роман,2023-12-17,Тула,Пользователь,115,4019 901238,9012387654
Анастасия,2023-12-16,Волгоград,Модератор,116,4020 012349,0123498765
Егор,2023-12-15,Пермь,Администратор,117,4021 123450,1234509876
Людмила,2023-12-14,Саратов,Модератор,118,4022 234561,2345610987
Валерий,2023-12-13,Ульяновск,Пользователь,119,4023 345672,3456721098
Олег,2023-12-12,Киров,Пользователь,120,4024 456783,4567832109
Алексей,2023-12-28,Москва,Администратор,101,4001 123456,1234567890
Ирина,2023-12-29,Санкт-Петербург,Пользователь,102,4002 234567,2345678901
Дмитрий,2023-12-30,Екатеринбург,Модератор,103,4003 345678,3456789012
Ольга,2023-12-31,Новосибирск,Пользователь,104,4004 456789,4567890123
Сергей,2024-01-01,Казань,Пользователь,105,4005 567890,5678901234
Елена,2024-01-02,Уфа,Модератор,106,4006 678901,6789012345
Андрей,2024-01-03,Воронеж,Пользователь,107,4007 789012,7890123456
Мария,2024-01-04,Самара,Пользователь,108,4008 890123,8901234567
Наталья,2023-12-27,Омск,Администратор,109,4009 901234,9012345678
Владимир,2023-12-26,Томск,Модератор,110,4010 012345,0123456789
Виктория,2023-12-21,Ростов-на-Дону,Пользователь,111,4015 567894,5678943210
Александра,2023-12-20,Калининград,Гость,112,4016 678905,6789054321
Денис,2023-12-19,Ярославль,Администратор,113,4017 789016,7890165432
Юлия,2023-12-18,Курск,Модератор,114,4018 890127,8901276543
Роман,2023-12-17,Тула,Пользователь,115,4019 901238,9012387654
Анастасия,2023-12-16,Волгоград,Модератор,116,4020 012349,0123498765
Егор,2023-12-15,Пермь,Администратор,117,4021 123450,1234509876
Людмила,2023-12-14,Саратов,Модератор,118,4022 234561,2345610987
Валерий,2023-12-13,Ульяновск,Пользователь,119,4023 345672,3456721098
Олег,2023-12-12,Киров,Пользователь,120,4024 456783,4567832109
Алексей,2023-12-28,Москва,Администратор,101,4001 123456,1234567890
Ирина,2023-12-29,Санкт-Петербург,Пользователь,102,4002 234567,2345678901
Дмитрий,2023-12-30,Екатеринбург,Модератор,103,4003 345678,3456789012
Ольга,2023-12-31,Новосибирск,Пользователь,104,4004 456789,4567890123
Сергей,2024-01-01,Казань,Пользователь,105,4005 567890,5678901234
Елена,2024-01-02,Уфа,Модератор,106,4006 678901,6789012345
Андрей,2024-01-03,Воронеж,Пользователь,107,4007 789012,7890123456
Мария,2024-01-04,Самара,Пользователь,108,4008 890123,8901234567
Наталья,2023-12-27,Омск,Администратор,109,4009 901234,9012345678
Владимир,2023-12-26,Томск,Модератор,110,4010 012345,0123456789
Виктория,2023-12-21,Ростов-на-Дону,Пользователь,111,4015 567894,5678943210
Александра,2023-12-20,Калининград,Гость,112,4016 678905,6789054321
Денис,2023-12-19,Ярославль,Администратор,113,4017 789016,7890165432
Юлия,2023-12-18,Курск,Модератор,114,4018 890127,8901276543
Роман,2023-12-17,Тула,Пользователь,115,4019 901238,9012387654
Анастасия,2023-12-16,Волгоград,Модератор,116,4020 012349,0123498765
Егор,2023-12-15,Пермь,Администратор,117,4021 123450,1234509876
Людмила,2023-12-14,Саратов,Модератор,118,4022 234561,2345610987
Валерий,2023-12-13,Ульяновск,Пользователь,119,4023 345672,3456721098
Олег,2023-12-12,Киров,Пользователь,120,4024 456783,4567832109
Алексей,2023-12-28,Москва,Администратор,101,4001 123456,1234567890
Ирина,2023-12-29,Санкт-Петербург,Пользователь,102,4002 234567,2345678901
Дмитрий,2023-12-30,Екатеринбург,Модератор,103,4003 345678,3456789012
Ольга,2023-12-31,Новосибирск,Пользователь,104,4004 456789,4567890123
Сергей,2024-01-01,Казань,Пользователь,105,4005 567890,5678901234
Елена,2024-01-02,Уфа,Модератор,106,4006 678901,6789012345
Андрей,2024-01-03,Воронеж,Пользователь,107,4007 789012,7890123456
Мария,2024-01-04,Самара,Пользователь,108,4008 890123,8901234567
Наталья,2023-12-27,Омск,Администратор,109,4009 901234,9012345678
Владимир,2023-12-26,Томск,Модератор,110,4010 012345,0123456789
Виктория,2023-12-21,Ростов-на-Дону,Пользователь,111,4015 567894,5678943210
Александра,2023-12-20,Калининград,Гость,112,4016 678905,6789054321
Денис,2023-12-19,Ярославль,Администратор,113,4017 789016,7890165432
Юлия,2023-12-18,Курск,Модератор,114,4018 890127,8901276543
Роман,2023-12-17,Тула,Пользователь,115,4019 901238,9012387654
Анастасия,2023-12-16,Волгоград,Модератор,116,4020 012349,0123498765
Егор,2023-12-15,Пермь,Администратор,117,4021 123450,1234509876
Людмила,2023-12-14,Саратов,Модератор,118,4022 234561,2345610987
Валерий,2023-12-13,Ульяновск,Пользователь,119,4023 345672,3456721098
Олег,2023-12-12,Киров,Пользователь,120,4024 456783,4567832109
Алексей,2023-12-28,Москва,Администратор,101,4001 123456,1234567890
Ирина,2023-12-29,Санкт-Петербург,Пользователь,102,4002 234567,2345678901
Дмитрий,2023-12-30,Екатеринбург,Модератор,103,4003 345678,3456789012
Ольга,2023-12-31,Новосибирск,Пользователь,104,4004 456789,4567890123
Сергей,2024-01-01,Казань,Пользователь,105,4005 567890,5678901234
Елена,2024-01-02,Уфа,Модератор,106,4006 678901,6789012345
Андрей,2024-01-03,Воронеж,Пользователь,107,4007 789012,7890123456
Мария,2024-01-04,Самара,Пользователь,108,4008 890123,8901234567
Наталья,2023-12-27,Омск,Администратор,109,4009 901234,9012345678
Владимир,2023-12-26,Томск,Модератор,110,4010 012345,0123456789
Виктория,2023-12-21,Ростов-на-Дону,Пользователь,111,4015 567894,5678943210
Александра,2023-12-20,Калининград,Гость,112,4016 678905,6789054321
Денис,2023-12-19,Ярославль,Администратор,113,4017 789016,7890165432
Юлия,2023-12-18,Курск,Модератор,114,4018 890127,8901276543
Роман,2023-12-17,Тула,Пользователь,115,4019 901238,9012387654
Анастасия,2023-12-16,Волгоград,Модератор,116,4020 012349,0123498765
Егор,2023-12-15,Пермь,Администратор,117,4021 123450,1234509876
Людмила,2023-12-14,Саратов,Модератор,118,4022 234561,2345610987
Валерий,2023-12-13,Ульяновск,Пользователь,119,4023 345672,3456721098
Олег,2023-12-12,Киров,Пользователь,120,4024 456783,4567832109
